Artikelnummer;EAN
A00011;4022507171713
A00011-01;4022507203056
A00011-03;4022507121268
A00011-05;4022507121305
A00011-06;4022507121312
A00011-08;4022507121336
A00011-10;4022507121343
A00011-11;4022507121350
A00011-12;4022507121367
A00011-13;4022507121374
A00011-VE12;4022507203100
A00011-VE12GB;4022507199267
A00020;4022507171720
A00020-03;4022507163725
A00020-05;4022507121572
A00020-06;4022507163855
A00020-08;4022507121596
A00020-13;4022507163718
A00020-VE12D;4022507199243
A00020-VE12GB;4022507199250
A00030;4022507171737
A00030-0103;4022507166528
A00030-0605;4022507166542
A00030-0808;4022507166535
A00030-1200;4022507166566
A00030-1213;4022507166559
A00030-VE12D;4022507203773
A00030-VE12GB;4022507203780
A00040;4022507171751
A00040-03;4022507121381
A00040-05;4022507195702
A00040-08;4022507121411
A00040-1205;4022507121398
A00040-VE12D;4022507203797
A00040-VE12GB;4022507203803
A00060;4022507174110
A00060-01;4022507173519
A00060-03;4022507173502
A00060-05;4022507173526
A00060-06;4022507173533
A00060-08;4022507173540
A00060-13;4022507173564
A00080;4022507174301
A00080-01;4022507173649
A00080-03;4022507173656
A00080-05;4022507173663
A00080-06;4022507173670
A00080-08;4022507173687
A00080-12;4022507173694
A00080-13;4022507173700
A00100;4022507183938
A00100-02;4022507180777
A00100-03;4022507180739
A00100-06;4022507180753
A00100-12;4022507180746
A01002-S01;4022507108733
A01005-S05;4022507173496
A01006-S;4022507193470
A01006-S05;4022507173465
A01006-S06;4022507173472
A01006-S13;4022507173489
A01010;4022507193494
A01010-00;4022507131007
A01010-01;4022507149606
A01010-03;4022507121664
A01010-05;4022507121688
A01010-06;4022507121695
A01010-08;4022507121718
A01010-10;4022507121725
A01010-11;4022507121732
A01010-12;4022507121749
A01010-13;4022507121756
A01040;4022507193500
A01040-03;4022507121954
A01040-05;4022507121961
A01040-06;4022507121978
A01040-08;4022507121985
A01040-13;4022507121947
A01050;4022507193517
A01050-01;4022507167013
A01050-03;4022507121794
A01050-05;4022507121831
A01050-08;4022507121824
A01060-02;4022507121855
A01070;4022507193524
A01070-00;4022507167570
A01070-03;4022507167532
A01070-05;4022507167549
A01070-08;4022507167556
A01070-13;4022507167563
A01080-02;4022507121787
A01090;4022507193531
A01090-01;4022507170532
A01090-03;4022507121893
A01090-05;4022507121909
A01090-06;4022507123248
A01090-07;4022507121923
A01090-08;4022507121916
A01090-12;4022507121930
A01090-13;4022507121886
A01100;4022507193548
A01100-00;4022507121770
A01100-08;4022507167020
A01100-12;4022507121763
A01110;4022507121640
A01120;4022507121657
A01150;4022507121879
A01180;4022507175230
A01190;4022507175247
A01200;4022507175254
A01201;4022507176152
A01210;4022507175261
A01220;4022507175285
A01230;4022507175452
J00000;4022507101505
J00001;4022507192817
J00001-011;4022507101413
J00001-012;4022507101420
J00001-032;4022507101437
J00001-042;4022507101444
J00001-052;4022507101451
J00001-062;4022507101468
J00001-072;4022507101475
J00001-082;4022507101482
J00001-122;4022507101499
J00001-132;4022507126812
J00010;4022507118077
J00011;4022507192824
J00011-03011;4022507123323
J00011-03022;4022507101345
J00011-04022;4022507101352
J00011-05011;4022507123347
J00011-05022;4022507101369
J00011-06011;4022507123354
J00011-06022;4022507101376
J00011-07011;4022507123361
J00011-07022;4022507101383
J00011-08011;4022507123378
J00011-08022;4022507101390
J00011-12022;4022507101406
J00011-13022;4022507126836
J00020-1;4022507118121
J00020-2;4022507148869
J00021;4022507192831
J00021-021;4022507101512
J00021-022;4022507101536
J00021-032;4022507101550
J00021-052;4022507101598
J00021-062;4022507101611
J00021-072;4022507101635
J00021-082;4022507101659
J00022;4022507192848
J00022-021;4022507101529
J00022-022;4022507101543
J00022-032;4022507101567
J00022-052;4022507101604
J00022-062;4022507101628
J00022-072;4022507101642
J00022-082;4022507101666
J00030-1;4022507118879
J00030-2;4022507148852
J00031;4022507192855
J00031-03022;4022507100980
J00031-05022;4022507101024
J00031-06022;4022507101048
J00031-07022;4022507101062
J00031-08022;4022507101086
J00032;4022507192862
J00032-03022;4022507100997
J00032-05022;4022507101031
J00032-06022;4022507101055
J00032-07022;4022507101079
J00032-08022;4022507101093
J00040-1;4022507118862
J00040-2;4022507148876
J00041;4022507192879
J00041-02011;4022507101109
J00041-02012;4022507101123
J00041-03012;4022507101147
J00041-05012;4022507101185
J00041-06012;4022507101208
J00041-07012;4022507101222
J00041-08012;4022507101246
J00042;4022507192886
J00042-02011;4022507101116
J00042-02012;4022507101130
J00042-03012;4022507101154
J00042-05012;4022507101192
J00042-06012;4022507101215
J00042-07012;4022507101239
J00042-08012;4022507101253
J00100;4022507102199
J00101;4022507192909
J00101-011;4022507102113
J00101-012;4022507102120
J00101-032;4022507102137
J00101-042;4022507102144
J00101-052;4022507102151
J00101-062;4022507102168
J00101-072;4022507102175
J00101-082;4022507102182
J00101-132;4022507126782
J00110;4022507119906
J00111;4022507192916
J00111-03022;4022507102052
J00111-04022;4022507102069
J00111-05022;4022507102076
J00111-06022;4022507102083
J00111-07022;4022507102090
J00111-08022;4022507102106
J00111-13022;4022507126805
J00120-1;4022507102366
J00120-2;4022507148890
J00121;4022507192923
J00121-021;4022507102205
J00121-022;4022507102229
J00121-032;4022507102243
J00121-052;4022507102281
J00121-062;4022507102304
J00121-072;4022507102328
J00121-082;4022507102342
J00122;4022507192930
J00122-021;4022507102212
J00122-022;4022507102236
J00122-032;4022507102250
J00122-052;4022507102298
J00122-062;4022507102311
J00122-072;4022507102335
J00122-082;4022507102359
J00130-1;4022507119883
J00130-2;4022507148883
J00131;4022507192947
J00131-03022;4022507101697
J00131-05022;4022507101734
J00131-06022;4022507101758
J00131-07022;4022507101772
J00131-08022;4022507101796
J00132;4022507192954
J00132-03022;4022507101703
J00132-05022;4022507101741
J00132-06022;4022507101765
J00132-07022;4022507101789
J00132-08022;4022507101802
J00140-1;4022507119890
J00140-2;4022507148906
J00141;4022507192961
J00141-02011;4022507101819
J00141-02012;4022507101833
J00141-03012;4022507101857
J00141-05012;4022507101895
J00141-06012;4022507101918
J00141-07012;4022507101932
J00141-08012;4022507101956
J00142;4022507192978
J00142-02011;4022507101826
J00142-02012;4022507101840
J00142-03012;4022507101864
J00142-05012;4022507101901
J00142-06012;4022507101925
J00142-07012;4022507101949
J00142-08012;4022507101963
J00200;4022507104353
J00201;4022507192985
J00201-011;4022507104261
J00201-012;4022507104278
J00201-032;4022507104285
J00201-042;4022507104292
J00201-052;4022507104308
J00201-062;4022507104315
J00201-072;4022507104322
J00201-082;4022507104339
J00201-122;4022507104346
J00201-132;4022507127123
J00240;4022507199007
J00251-S;4022507211013
J00300;4022507104551
J00301;4022507192992
J00301-011;4022507104476
J00301-012;4022507104483
J00301-032;4022507104490
J00301-042;4022507104506
J00301-052;4022507104513
J00301-062;4022507104520
J00301-072;4022507104537
J00301-082;4022507104544
J00301-132;4022507127116
J00400;4022507107484
J00401;4022507193005
J00401-011;4022507107408
J00401-012;4022507107415
J00401-031;4022507189497
J00401-032;4022507107422
J00401-041;4022507189503
J00401-042;4022507107439
J00401-051;4022507189510
J00401-052;4022507107446
J00401-061;4022507189527
J00401-062;4022507107453
J00401-071;4022507189534
J00401-072;4022507107460
J00401-081;4022507189541
J00401-082;4022507107477
J00401-131;4022507189558
J00401-132;4022507126850
J00402;4022507193012
J00402-0103;4022507180531
J00402-0104;4022507183877
J00402-0105;4022507180593
J00402-0106;4022507180517
J00402-0107;4022507195665
J00402-0108;4022507180524
J00402-011;4022507177043
J00402-0113;4022507180500
J00402-041;4022507192800
J00402-061;4022507177913
J00402-081;4022507191544
J00402-101;4022507197225
J00402-131;4022507177876
J00402-S;4022507177920
J00410;4022507118930
J00411;4022507193029
J00411-03022;4022507107323
J00411-04022;4022507107330
J00411-05022;4022507107347
J00411-06022;4022507107354
J00411-07022;4022507107361
J00411-08022;4022507107378
J00411-13022;4022507126874
J00420-1;4022507118916
J00420-2;4022507148807
J00421;4022507193036
J00421-021;4022507107491
J00421-022;4022507107514
J00421-032;4022507107538
J00421-052;4022507107576
J00421-062;4022507107590
J00421-072;4022507107613
J00421-082;4022507107637
J00422;4022507193043
J00422-021;4022507107507
J00422-022;4022507107521
J00422-032;4022507107545
J00422-052;4022507107583
J00422-062;4022507107606
J00422-072;4022507107620
J00422-082;4022507107644
J00430-1;4022507118909
J00430-2;4022507148791
J00431;4022507193050
J00431-03022;4022507106890
J00431-05022;4022507106937
J00431-06022;4022507106951
J00431-07022;4022507106975
J00431-08022;4022507106999
J00432;4022507193067
J00432-03022;4022507106906
J00432-05022;4022507106944
J00432-06022;4022507106968
J00432-07022;4022507106982
J00432-08022;4022507107002
J00440-1;4022507118923
J00440-2;4022507148814
J00441;4022507193074
J00441-02011;4022507107019
J00441-02012;4022507107057
J00441-03011;4022507128908
J00441-03012;4022507107071
J00441-05011;4022507128922
J00441-05012;4022507107118
J00441-06011;4022507128946
J00441-06012;4022507107132
J00441-07011;4022507128953
J00441-07012;4022507107156
J00441-08011;4022507128915
J00441-08012;4022507107170
J00442;4022507193081
J00442-02011;4022507107026
J00442-02012;4022507107064
J00442-03011;4022507128960
J00442-03012;4022507107088
J00442-05011;4022507128984
J00442-05012;4022507107125
J00442-06011;4022507128991
J00442-06012;4022507107149
J00442-07011;4022507129004
J00442-07012;4022507107163
J00442-08011;4022507129011
J00442-08012;4022507107187
J00451;4022507193098
J00451-06;4022507153719
J00451-13;4022507153702
J00451-S;4022507172345
J00500;4022507100676
J00501;4022507193104
J00501-011;4022507100591
J00501-012;4022507100607
J00510;4022507100683
J00511;4022507193111
J00511-03022;4022507100423
J00511-04022;4022507100430
J00511-05022;4022507100447
J00511-06022;4022507100454
J00511-07022;4022507100461
J00511-08022;4022507100478
J00511-13022;4022507126898
J00520-1;4022507144960
J00520-2;4022507148838
J00521;4022507193128
J00521-021;4022507141334
J00521-022;4022507141358
J00521-032;4022507141365
J00521-052;4022507141389
J00521-062;4022507141396
J00521-072;4022507141402
J00521-082;4022507141419
J00522;4022507193135
J00522-021;4022507141426
J00522-022;4022507141433
J00522-032;4022507141440
J00522-052;4022507141464
J00522-062;4022507141471
J00522-072;4022507141488
J00522-082;4022507141495
J00530-1;4022507144977
J00530-2;4022507148821
J00531;4022507193142
J00531-03022;4022507141174
J00531-05022;4022507141297
J00531-06022;4022507141303
J00531-07022;4022507141310
J00531-08022;4022507141327
J00532;4022507193159
J00532-03022;4022507141501
J00532-05022;4022507141525
J00532-06022;4022507141532
J00532-07022;4022507141549
J00532-08022;4022507141556
J00540-1;4022507118886
J00540-2;4022507148845
J00541;4022507193166
J00541-02011;4022507100263
J00541-02012;4022507100287
J00541-03012;4022507100300
J00541-05012;4022507100348
J00541-06012;4022507100362
J00541-07012;4022507100386
J00541-08012;4022507100409
J00542;4022507193173
J00542-02011;4022507100270
J00542-02012;4022507100294
J00542-03012;4022507100317
J00542-05012;4022507100355
J00542-06012;4022507100379
J00542-07012;4022507100393
J00542-08012;4022507100416
J00551-S;4022507211006
J00600;4022507155751
J00601;4022507193180
J00601-031;4022507155768
J00601-051;4022507155775
J00601-061;4022507155782
J00700;4022507169338
J00701;4022507193197
J00701-011;4022507168553
J00740;4022507169321
J00741;4022507193203
J00741-02011;4022507168584
J00741-03011;4022507168775
J00741-05011;4022507168782
J00741-06011;4022507168799
J00741-07011;4022507168805
J00741-08011;4022507168812
J00751-S;4022507210993
J00801;4022507196907
J00801-011;4022507196754
J00801-012;4022507196778
J00801-032;4022507196785
J00801-042;4022507196792
J00801-052;4022507196808
J00801-062;4022507196815
J00801-072;4022507196822
J00801-082;4022507196839
J00801-132;4022507196846
J00801-S;4022507197270
J00802;4022507196914
J00802-011;4022507196761
J00802-041;4022507196853
J00802-061;4022507196860
J00802-081;4022507196877
J00802-101;4022507197195
J00802-131;4022507196884
J00802-S;4022507197294
J00851-S;4022507209294
J00852-S;4022507209300
J00861-S;4022507210665
J00862-S;4022507210672
J01510;4022507106746
J01511;4022507193555
J01511-011;4022507185970
J01511-021;4022507106630
J01511-022;4022507106661
J01511-031;4022507106647
J01511-032;4022507106678
J01511-051;4022507151265
J01511-052;4022507106692
J01511-061;4022507151272
J01511-062;4022507106708
J01511-071;4022507106654
J01511-072;4022507106715
J01511-081;4022507151289
J01511-082;4022507106722
J01511-093;4022507106739
J01511-13;4022507184720
J01600;4022507107972
J01631;4022507105015
J01632;4022507105022
J01640;4022507127611
J01650;4022507143949
J03040;4022507200499
J04000;4022507158066
J04000-03;4022507112884
J04000-05;4022507112907
J04000-06;4022507112914
J04000-08;4022507112938
J04000-10;4022507112952
J04000-SB;4022507209355
J04000-SB03;4022507209362
J04000-SB05;4022507209379
J04000-SB06;4022507209386
J04000-SB08;4022507209393
J04000-SB10;4022507209409
J04010;4022507158073
J04010-01;4022507112778
J04010-03;4022507112785
J04010-05;4022507112808
J04010-06;4022507112815
J04010-07;4022507112822
J04010-08;4022507112839
J04010-10;4022507112846
J04010-12;4022507112860
J04010-13;4022507126652
J04010-AH;4022507201342
J04010-C;4022507151593
J04011;4022507185086
J04011-01;4022507183662
J04011-03;4022507183679
J04011-05;4022507183686
J04011-06;4022507183693
J04011-07;4022507183709
J04011-08;4022507183716
J04011-10;4022507183723
J04011-12;4022507183747
J04011-13;4022507183754
J04017;4022507183556
J04017-01;4022507183457
J04017-03;4022507183464
J04017-05;4022507183471
J04017-06;4022507183488
J04017-07;4022507183495
J04017-08;4022507183501
J04017-10;4022507183518
J04017-12;4022507183532
J04017-13;4022507183549
J04017-AH;4022507201359
J04020;4022507158080
J04020-01;4022507112976
J04020-03;4022507112983
J04020-05;4022507113003
J04020-06;4022507113010
J04020-07;4022507113027
J04020-08;4022507113034
J04020-10;4022507113041
J04020-12;4022507113065
J04020-13;4022507126911
J04020-AH;4022507201366
J04020-C;4022507152194
J04024;4022507196709
J04025;4022507196716
J04026;4022507196723
J04027;4022507178545
J04027-01;4022507178132
J04027-03;4022507178286
J04027-05;4022507178293
J04027-06;4022507178309
J04027-07;4022507178316
J04027-08;4022507178323
J04027-10;4022507178330
J04027-12;4022507178354
J04027-13;4022507178347
J04027-AH;4022507201373
J04030;4022507189343
J04030-03;4022507189299
J04030-05;4022507189305
J04030-08;4022507189329
J04030-10;4022507189312
J04030-13;4022507189336
J04030-C;4022507205616
J04030-S;4022507195092
J04030-S03;4022507189428
J04030-S05;4022507191827
J04030-S08;4022507191834
J04030-S10;4022507191841
J04030-S13;4022507191858
J04037;4022507189404
J04037-03;4022507189350
J04037-05;4022507189367
J04037-08;4022507189374
J04037-10;4022507189381
J04037-13;4022507189398
J04037-S;4022507205784
J04037-S03;4022507205739
J04037-S05;4022507205746
J04037-S08;4022507205753
J04037-S10;4022507205760
J04037-S13;4022507205777
J04050;4022507171850
J04050-00;4022507170822
J04050-01;4022507170839
J04050-03;4022507170846
J04050-05;4022507170853
J04050-06;4022507170860
J04050-08;4022507170877
J04050-12;4022507170884
J04050-13;4022507170891
J04050-AH;4022507202585
J04050-S;4022507205876
J04050-S00;4022507205791
J04050-S01;4022507205807
J04050-S03;4022507205814
J04050-S05;4022507205821
J04050-S06;4022507205838
J04050-S08;4022507205845
J04050-S12;4022507205852
J04050-S13;4022507205869
J04057;4022507178552
J04057-00;4022507178118
J04057-01;4022507178200
J04057-03;4022507178149
J04057-05;4022507178156
J04057-06;4022507178163
J04057-08;4022507178170
J04057-12;4022507178194
J04057-13;4022507178187
J04057-AH;4022507202592
J04057-S;4022507205968
J04057-S00;4022507205883
J04057-S01;4022507205890
J04057-S03;4022507205906
J04057-S05;4022507205913
J04057-S06;4022507205920
J04057-S08;4022507205937
J04057-S12;4022507205944
J04057-S13;4022507205951
J05010;4022507100737
J05010-B-S;4022507196051
J05010-B01;4022507113485
J05010-B02;4022507140788
J05010-B05;4022507113508
J05010-B06;4022507113515
J05010-B09;4022507113539
J05010-B10;4022507113546
J05010-B14;4022507113584
J05010-B31;4022507113676
J05010-B32;4022507140801
J05010-B33;4022507140818
J05010-B42;4022507140887
J05010-B55;4022507207719
J05010-BK1;4022507201748
J05010-BKS;4022507202981
J05100;4022507109310
J05100-D-S;4022507196075
J05100-D02;4022507113768
J05100-D05;4022507113799
J05100-D16;4022507113829
J05100-D37;4022507113928
J05100-D38;4022507113935
J05100-D39;4022507113942
J05100-D41;4022507113959
J05100-DKS;4022507202998
J05110;4022507109327
J05110-E-S;4022507196068
J05110-E02;4022507113997
J05110-E05;4022507114024
J05110-E06;4022507114031
J05110-E16;4022507114062
J05110-E18;4022507114086
J05110-E33;4022507114185
J05110-E37;4022507114277
J05110-E38;4022507114208
J05110-E39;4022507114215
J05110-E40;4022507114222
J05110-E41;4022507114239
J05110-EKS;4022507203001
J05130;4022507175070
J05130-J-S;4022507196082
J05130-J10;4022507191391
J05130-J12;4022507191384
J05130-J14;4022507175056
J05130-J15;4022507191407
J05130-J16;4022507191414
J05130-J18;4022507175049
J05130-J31;4022507175025
J05130-J32;4022507191421
J05130-J33;4022507175032
J05130-J36;4022507191438
J05130-J37;4022507191445
J05130-J38;4022507191452
J05130-J40;4022507175018
J05130-J42;4022507175063
J05130-J54;4022507191469
J05130-J55;4022507191476
J05130-JK1;4022507201779
J05130-JK2;4022507201793
J05130-JKS;4022507203018
J05140;4022507208976
J05140-K-S;4022507209270
J05140-K10;4022507208983
J05140-K12;4022507208990
J05140-K14;4022507209003
J05140-K15;4022507209010
J05140-K16;4022507209027
J05140-K18;4022507209034
J05140-K31;4022507209041
J05140-K32;4022507209058
J05140-K33;4022507209065
J05140-K36;4022507209072
J05140-K37;4022507209089
J05140-K38;4022507209096
J05140-K40;4022507209102
J05140-K42;4022507209119
J05140-K54;4022507209126
J05140-K55;4022507209133
J05140-KK1;4022507209287
J05290;4022507176503
J07000;4022507100942
J07000-S;4022507195672
J07001;4022507130550
J07010;4022507193838
J07010-02;4022507100966
J07010-03;4022507109716
J07010-05;4022507109747
J07010-06;4022507109754
J07010-07;4022507122180
J07010-08;4022507109709
J07011;4022507196174
J07011-02;4022507195351
J07011-03;4022507195368
J07011-05;4022507195375
J07011-06;4022507195382
J07011-07;4022507195399
J07011-08;4022507195405
J07020;4022507193821
J07020-04;4022507109686
J07020-05;4022507109655
J07020-06;4022507109662
J07020-08;4022507109679
J07020-13;4022507109648
J07021;4022507196181
J07021-04;4022507130406
J07021-05;4022507130383
J07021-06;4022507130390
J07021-08;4022507188650
J07021-13;4022507188667
J07100;4022507199465
J07100-01;4022507199472
J07100-03;4022507199540
J07100-04;4022507199557
J07100-05;4022507199564
J07100-06;4022507199571
J07100-08;4022507199588
J07100-10;4022507199595
J07100-13;4022507199601
J07110;4022507199489
J07110-01;4022507199496
J07110-03;4022507199618
J07110-04;4022507199625
J07110-05;4022507199632
J07110-06;4022507199649
J07110-08;4022507199656
J07110-10;4022507199663
J07110-13;4022507199670
J07110-K1;4022507201830
J07110-K2;4022507201847
J07110-K3;4022507201854
J07110-K4;4022507201861
J07120;4022507201540
J07120-01;4022507201564
J07120-03;4022507201571
J07120-04;4022507201588
J07120-05;4022507201595
J07120-06;4022507201601
J07120-08;4022507201618
J07120-10;4022507201625
J07120-13;4022507201632
J07120-K2;4022507205432
J07130;4022507201557
J07130-01;4022507201649
J07130-03;4022507201656
J07130-04;4022507201663
J07130-05;4022507201670
J07130-06;4022507201687
J07130-08;4022507201694
J07130-10;4022507201700
J07130-13;4022507201717
J07130-K1;4022507201885
J07130-K2;4022507201892
J07130-K3;4022507201908
J07130-K4;4022507201915
J08300;4022507193869
J08300-01;4022507176558
J08300-12;4022507176985
J08310;4022507193876
J08310-01;4022507176992
J08310-12;4022507177005
J10050;4022507202943
J10050-01N;4022507202141
J10050-03;4022507202288
J10050-04;4022507202271
J10050-04N;4022507202257
J10050-05;4022507202172
J10050-05N;4022507202226
J10050-06;4022507202189
J10050-06N;4022507202233
J10050-07;4022507202196
J10050-08;4022507202165
J10050-08M;4022507202202
J10050-08N;4022507202219
J10050-10;4022507202301
J10050-13;4022507202264
J10050-13N;4022507202240
J10050-S;4022507204305
J10050-VE12;4022507202400
J10050-VE12B;4022507205401
J10050-VE12N;4022507202394
J10050-VE3K;4022507202547
J10050-VE3Q;4022507202530
J10050-VE3T1D;4022507206408
J10050-VE3T1E;4022507206439
J10050-VE3T2D;4022507206415
J10050-VE3T2E;4022507206446
J10050-VE3T3D;4022507206422
J10050-VE3T3E;4022507206453
J10050-VE3TD;4022507206859
J10050-VE3TE;4022507206866
J10050-VE4B;4022507202370
J10050-VE6F;4022507202387
J10050-VE6W;4022507202363
J10060;4022507203025
J10060-05;4022507202318
J10060-12;4022507202356
J11020;4022507184522
J11020-01;4022507203735
J11020-03;4022507183969
J11020-04;4022507183976
J11020-05;4022507183983
J11020-06;4022507183990
J11020-07;4022507183952
J11020-08;4022507184003
J11020-10;4022507184287
J11020-13;4022507184010
J11030;4022507194095
J11030-01;4022507203742
J11030-03;4022507184027
J11030-04;4022507184386
J11030-05;4022507184393
J11030-06;4022507184409
J11030-07;4022507184416
J11030-08;4022507184423
J11030-10;4022507184430
J11030-13;4022507184447
J13010;4022507104872
J13020;4022507104889
J13040;4022507203681
J13050;4022507206224
J90110;4022507193326
J90110-01;4022507117094
J90110-03;4022507196358
J90110-04;4022507196389
J90110-06;4022507182085
J90110-08;4022507182078
J90110-12;4022507117087
J90110-13;4022507181187
J90111;4022507193333
J90111-01;4022507143833
J90111-03;4022507196471
J90111-04;4022507196488
J90111-06;4022507183327
J90111-08;4022507183334
J90111-12;4022507143840
J90111-13;4022507183341
J90120;4022507193340
J90120-01;4022507114840
J90120-03;4022507196365
J90120-04;4022507196372
J90120-06;4022507182108
J90120-08;4022507182092
J90120-12;4022507114826
J90120-13;4022507181200
J90121;4022507193357
J90121-01;4022507143857
J90121-03;4022507196495
J90121-04;4022507196501
J90121-06;4022507183358
J90121-08;4022507183365
J90121-12;4022507143864
J90121-13;4022507183372
J90130;4022507198703
J90130-01;4022507117070
J90130-12;4022507121220
J90131;4022507193364
J90131-01;4022507109266
J90131-12;4022507143123
J90140;4022507193371
J90140-01;4022507117186
J90140-03;4022507196396
J90140-04;4022507196402
J90140-06;4022507182511
J90140-08;4022507182504
J90140-12;4022507117179
J90140-13;4022507181224
J90141;4022507193388
J90141-01;4022507143871
J90141-03;4022507196419
J90141-04;4022507196426
J90141-06;4022507183389
J90141-08;4022507183396
J90141-12;4022507143888
J90141-13;4022507183402
J90150;4022507193395
J90150-01;4022507117162
J90150-03;4022507196433
J90150-04;4022507196440
J90150-06;4022507182498
J90150-08;4022507182481
J90150-12;4022507117155
J90150-13;4022507181248
J90151;4022507193401
J90151-01;4022507143895
J90151-03;4022507196457
J90151-04;4022507196464
J90151-06;4022507183419
J90151-08;4022507183426
J90151-12;4022507143901
J90151-13;4022507183433
J90160-01;4022507190226
J90160-12;4022507190233
J90201;4022507109136
J90201-02;4022507144250
J90201-03;4022507144243
J90201-05;4022507144205
J90201-06;4022507144212
J90201-07;4022507144229
J90201-08;4022507144199
J90202;4022507109129
J90202-02;4022507144397
J90202-03;4022507144380
J90202-05;4022507144342
J90202-06;4022507144359
J90202-07;4022507144366
J90202-08;4022507144335
J90211;4022507109150
J90211-02;4022507144328
J90211-03;4022507144311
J90211-05;4022507144274
J90211-06;4022507144281
J90211-07;4022507144298
J90211-08;4022507144267
J90212;4022507109143
J90212-02;4022507144465
J90212-03;4022507144458
J90212-05;4022507144410
J90212-06;4022507144427
J90212-07;4022507144434
J90212-08;4022507144403
J90213-00;4022507171706
J90221;4022507109174
J90221-02;4022507144533
J90221-03;4022507144526
J90221-05;4022507144489
J90221-06;4022507144496
J90221-07;4022507144502
J90221-08;4022507144472
J90222;4022507109167
J90222-02;4022507144601
J90222-03;4022507144595
J90222-05;4022507144557
J90222-06;4022507144564
J90222-07;4022507144571
J90222-08;4022507144540
J90231;4022507109181
J90231-01;4022507189701
J90231-02;4022507144939
J90231-03;4022507144878
J90231-05;4022507144892
J90231-06;4022507144908
J90231-07;4022507144915
J90231-08;4022507144922
J90231-09;4022507144946
J90231-13;4022507189718
J90241;4022507109204
J90241-02;4022507144786
J90241-03;4022507144748
J90241-05;4022507144755
J90241-06;4022507144762
J90241-07;4022507144779
J90241-08;4022507144731
J90241-09;4022507147510
J90242;4022507109198
J90242-02;4022507144847
J90242-03;4022507144830
J90242-05;4022507144809
J90242-06;4022507144816
J90242-07;4022507144823
J90242-08;4022507144793
J90251;4022507143925
J90251-02;4022507144663
J90251-03;4022507144625
J90251-05;4022507144618
J90251-06;4022507144632
J90251-07;4022507144649
J90251-08;4022507144656
J90251-09;4022507151722
J90252;4022507143932
J90252-02;4022507144724
J90252-03;4022507144670
J90252-05;4022507144687
J90252-06;4022507144694
J90252-07;4022507144700
J90252-08;4022507144717
J90260;4022507193852
J90260-04;4022507148548
J90260-05;4022507148562
J90260-06;4022507148579
J90260-08;4022507148586
J90260-13;4022507148555
J90261;4022507194880
J90261-02;4022507148593
J90261-03;4022507148616
J90261-05;4022507148623
J90261-06;4022507148630
J90261-07;4022507196518
J90261-08;4022507148609
J90270;4022507193845
J90270-12;4022507148531
J90270-GR;4022507148524
J90281;4022507176442
J90281-02;4022507176435
J90281-03;4022507176381
J90281-05;4022507176404
J90281-06;4022507176411
J90281-07;4022507176428
J90281-08;4022507176398
J90301;4022507147572
J90302;4022507147589
J90310;4022507143918
J90320;4022507193418
J90320-01;4022507141082
J90320-12;4022507141075
J90330;4022507193425
J90330-01;4022507167662
J90330-12;4022507141068
J90400-1;4022507189770
J90400-3;4022507207054
J90400-4;4022507207061
J90400-5;4022507207184
J90400-6;4022507207191
J90400-7;4022507210986
J90410-3;4022507189763
J90410-4;4022507207078
J90420-1;4022507207153
J90420-2;4022507207160
J90420-3;4022507207139
J90420-4;4022507207146
J90420-5;4022507207177
J90420-6;4022507210979
J90430;4022507204329
J90440-3;4022507207115
J90440-4;4022507207122
J90450-1;4022507189787
J90450-2;4022507207085
J90460;4022507205203
J90470;4022507205210
J90480;4022507205227
J90490;4022507210696
J91001-01;4022507108832
J91010;4022507193265
J91010-01;4022507126904
J91010-03;4022507108856
J91010-05;4022507108849
J91011-01;4022507205647
J91020;4022507193272
J91020-01;4022507168508
J91020-03;4022507155089
J91020-05;4022507108870
J91021-01;4022507205678
J91040;4022507193289
J91040-01;4022507168515
J91040-03;4022507168478
J91040-05;4022507168454
J91041;4022507203834
J91041-01;4022507203841
J91041-03;4022507203858
J91041-05;4022507203865
J91060-01;4022507108825
J91080-01;4022507151883
J91080-03;4022507160717
J91080-05;4022507160465
J92000;4022507135890
J92011;4022507151760
J92020;4022507129578
J92050;4022507193210
J92050-06;4022507182535
J92050-08;4022507182528
J92050-12;4022507135661
J92050-13;4022507181286
J92050-S;4022507205609
J92070-01;4022507153474
J92070-12;4022507135845
J92080-06;4022507182672
J92080-08;4022507182665
J92080-12;4022507135852
J92080-13;4022507181323
J92100;4022507205395
J92100-06;4022507205357
J92100-08;4022507205364
J92100-12;4022507205371
J92100-13;4022507205388
J92110;4022507207016
J92110-06;4022507206972
J92110-08;4022507206989
J92110-12;4022507206996
J92110-13;4022507207009
J93000;4022507108795
J93000-03;4022507110446
J93000-05;4022507110460
J93000-06;4022507110477
J93000-08;4022507110491
J93020;4022507108917
J93020-01;4022507110231
J93020-03;4022507110248
J93020-05;4022507110262
J93020-06;4022507110279
J93020-07;4022507110286
J93020-08;4022507110293
J93020-10;4022507110309
J93020-12;4022507110323
J93020-13;4022507126492
J93040;4022507108948
J93040-01;4022507110330
J93040-03;4022507110347
J93040-05;4022507110361
J93040-06;4022507110378
J93040-07;4022507110385
J93040-08;4022507110392
J93040-10;4022507110408
J93040-12;4022507110422
J93040-13;4022507126508
J93062;4022507166962
J93065;4022507192022
J93070;4022507193302
J93070-03;4022507112068
J93070-05;4022507112082
J93070-08;4022507112112
J93070-10;4022507189442
J93070-12;4022507205623
J93070-13;4022507130574
J93070-16;4022507205630
J93080;4022507177258
J93080-00;4022507170464
J93080-01;4022507170556
J93080-03;4022507170549
J93080-05;4022507170426
J93080-06;4022507170433
J93080-08;4022507170440
J93080-12;4022507170563
J93080-13;4022507170457
J93110;4022507193296
J93110-01;4022507155898
J93110-12;4022507184461
J93120;4022507155904
J93140;4022507155928
J93160;4022507175469
J93170;4022507178101
J93180;4022507179481
J93200;4022507183891
J93210;4022507183907
J93220;4022507183921
J94020;4022507184300
J94030;4022507184034
J94040;4022507156888
J94100;4022507193883
J94100-01;4022507176336
J94100-05;4022507176343
J94100-06;4022507176367
J94100-08;4022507176350
J94100-13;4022507176374
J94110;4022507193890
J94110-01;4022507176633
J94110-05;4022507176732
J94110-06;4022507176749
J94110-08;4022507176756
J94110-13;4022507176763
J95100;4022507202110
J95110;4022507201724
J95120;4022507202134
J96000;4022507127673
J96011;4022507131038
J96020;4022507127680
J96030;4022507127642
J96040;4022507127703
J96062;4022507206163
J96063;4022507206170
J96072;4022507206309
J96073;4022507208174
J96074;4022507208198
